lab_unit,unit_source_value,assumed,source_unit_concept_id,source_unit_code,source_unit_name,source_numerator_type,source_numerator_multiplier,source_denominator_part_1_type,source_denominator_part_1_multiplier,source_denominator_part_2_type,source_denominator_part_2_multiplier,source_numerator_substance,source_denominator_part_1_substance,source_denominator_part_2_substance
,,,,,,,,,,,,,,
mg/dL,MG/DL,,8840,mg/dL,milligram per deciliter,mass,0.001,volume,0.1,,,,,
mL/min/1.73M2,ML/MIN/1.73M2,,9117,mL/min/1.73.m2,milliliter per minute per 1.73 square meter,volume,0.001,time,60,area,1.73,,,
pg,PG,,8564,pg,picogram,mass,1e-12,,,,,,,
%,%,,8554,%,percent,percent,1,,,,,,,
x10E3/uL,X10E3/UL,,8848,10*3/uL,thousand per microliter,count,1000,volume,1e-06,,,,,
fl,FL,,8583,fL,femtoliter,volume,1e-15,,,,,,,
(calc),(CALC),,8596,{calc},calculated,,1,,,,,CALC,,
g/dL,G/DL,,8713,g/dL,gram per deciliter,mass,1,volume,0.1,,,,,
x10E6/uL,X10E6/UL,,8815,10*6/uL,million per microliter,count,1000000,volume,1e-06,,,,,
thou/cu mm,THOU/CU MM,,8848,10*3/uL,thousand per microliter,count,1000,volume,1e-06,,,,,
mmol/L,MMOL/L,,8753,mmol/L,millimole per liter,mole,0.001,volume,1,,,,,
/HPF,/HPF,,8786,/[HPF],per high power field,count,1000,,,,,,,
HPF,HPF,,8786,/[HPF],per high power field,count,1000,,1,,,,,
fL,FL,,8583,fL,femtoliter,volume,1e-15,,,,,,,
ng/dL,NG/DL,,8817,ng/dL,nanogram per deciliter,mass,1e-09,volume,0.1,,,,,
ng/mL,NG/ML,,8842,ng/mL,nanogram per milliliter,mass,1e-09,volume,0.001,,,,,
IU/L,IU/L,,8923,[iU]/L,international unit per liter,unit,1,volume,1,,,,,
uIU/mL,UIU/ML,,9093,10*-6.[iU]/mL,micro-international unit per milliliter,unit,1e-06,volume,0.001,,,,,
mL/min/1.73,ML/MIN/1.73,,9117,mL/min/1.73.m2,milliliter per minute per 1.73 square meter,volume,0.001,time,60,area,1.73,,,
pg/mL,PG/ML,,8845,pg/mL,picogram per milliliter,mass,1e-12,volume,0.001,,,,,
ug/dL,UG/DL,,8837,ug/dL,microgram per deciliter,mass,1e-06,volume,0.1,,,,,
10*9/L,10*9/L,,9444,10*9/L,billion per liter,count,1000000000,volume,1,,,,,
/100,/100,,9243,/100,per hundred,count,1,count,100,,,,,
10*6/mm3,10*6/MM3,,8931,10*6/mm3,million per cubic millimeter,count,1000000,volume,1e-06,,,,,
mcg/dL,MCG/DL,,8837,ug/dL,microgram per deciliter,mass,1e-06,volume,0.1,,,,,
pg/ml,PG/ML,,8845,pg/mL,picogram per milliliter,mass,1e-12,volume,0.001,,,,,
ng/ml,NG/ML,,8842,ng/mL,nanogram per milliliter,mass,1e-09,volume,0.001,,,,,
mm/hr,MM/HR,,8752,mm/h,millimeter per hour,distance,0.001,time,3600,,,,,
U/L,U/L,,8645,[U]/L,unit per liter,unit,1,volume,1,,,,,
gm/dL,GM/DL,,8713,g/dL,gram per deciliter,mass,1,volume,0.1,,,,,
10*3/uL,10*3/UL,,8848,10*3/uL,thousand per microliter,count,1000,volume,1e-06,,,,,
10*6/uL,10*6/UL,,8815,10*6/uL,million per microliter,count,1000000,volume,1e-06,,,,,
/LPF,/LPF,,8765,/[LPF],per low powered field,count,1,,1,,,,,
seconds,SECONDS,,8555,s,second,time,1,,,,,,,
U/mL,U/ML,,8763,[U]/mL,unit per milliliter,unit,1,volume,0.001,,,,,
mg/L,MG/L,,8751,mg/L,milligram per liter,mass,0.001,volume,1,,,,,
mmHg,MMHG,,8876,mm[Hg],millimeter mercury column,distance,0.001,,,,,,,
thou/ cu mm,THOU/ CU MM,,8848,10*3/uL,thousand per microliter,count,1000,volume,1e-06,,,,,
mosm/Kg,MOSM/KG,,8862,mosm/kg,milliosmole per kilogram,osmols,0.001,mass,1000,,,,,
cells/uL,CELLS/UL,,8784,{cells}/uL,cells per microliter,count,1,volume,1e-06,,,CELLS,,
ug/mL (FEU),UG/ML (FEU),,8989,ug{FEU}/mL,microgram of fibrinogen equivalent unit per milliliter,mass,1e-06,volume,0.001,,,FEU,,
mIU/L,MIU/L,,9040,10*-3.[iU]/L,milli-international unit per liter,unit,0.001,volume,1,,,,,
10^3/mL,10^3/ML,,9436,10*3/mL,thousand per milliliter,count,1000,volume,0.001,,,,,
MIU/L,MIU/L,,9040,10*-3.[iU]/L,milli-international unit per liter,unit,0.001,volume,1,,,,,
MMOL/L,MMOL/L,,8753,mmol/L,millimole per liter,mole,0.001,volume,1,,,,,
MG/DL,MG/DL,,8840,mg/dL,milligram per deciliter,mass,0.001,volume,0.1,,,,,
PG,PG,,8564,pg,picogram,mass,1e-12,,,,,,,
FL,FL,,8583,fL,femtoliter,volume,1e-15,,,,,,,
G/DL,G/DL,,8713,g/dL,gram per deciliter,mass,1,volume,0.1,,,,,
X10E3/UL,X10E3/UL,,8848,10*3/uL,thousand per microliter,count,1000,volume,1e-06,,,,,
X10E6/UL,X10E6/UL,,8815,10*6/uL,million per microliter,count,1000000,volume,1e-06,,,,,
THOU/CUMM,THOU/CUMM,,8961,10*3/mm3,thousand per cubic millimeter,count,1000,volume,1e-06,,,,,
ML/MIN/1.73M2,ML/MIN/1.73M2,,9117,mL/min/1.73.m2,milliliter per minute per 1.73 square meter,volume,0.001,time,60,area,1.73,,,
(CALC),(CALC),,8596,{calc},calculated,,1,,,,,CALC,,
MG/L,MG/L,,8751,mg/L,milligram per liter,mass,0.001,volume,1,,,,,
Thousand/uL,THOUSAND/UL,,8848,10*3/uL,thousand per microliter,count,1000,volume,1e-06,,,,,
g/dL (calc),G/DL (CALC),,8950,g/dL{calc},gram per deciliter calculated,mass,1,volume,0.1,,,,CALC,
mL/min/1.73m2,ML/MIN/1.73M2,,9117,mL/min/1.73.m2,milliliter per minute per 1.73 square meter,volume,0.001,time,60,area,1.73,,,
mm/h,MM/H,,8752,mm/h,millimeter per hour,distance,0.001,time,3600,,,,,
Million/uL,MILLION/UL,,8815,10*6/uL,million per microliter,count,1000000,volume,1e-06,,,,,
/uL,/UL,,8647,/uL,per microliter,count,1,volume,1e-06,,,,,
% of total Hgb,% OF TOTAL HGB,,8737,%{of'HGB},percent hemoglobin,percent,1,,,,,OF HGB,,
mcg/mL,MCG/ML,,8859,ug/mL,microgram per milliliter,mass,1e-06,volume,0.001,,,,,
PG/ML,PG/ML,,8845,pg/mL,picogram per milliliter,mass,1e-12,volume,0.001,,,,,
NG/DL,NG/DL,,8817,ng/dL,nanogram per deciliter,mass,1e-09,volume,0.1,,,,,
mIU/mL,MIU/ML,,9550,10*-3.[iU]/mL,milli-international unit per milliliter,unit,0.001,volume,0.001,,,,,
Log (cells/mL),LOG (CELLS/ML),,44777605,lg({cells})/mL,log cells per milliliter,count,1,volume,0.001,,,CELLS,,
mg/L ,MG/L,,8751,mg/L,milligram per liter,mass,0.001,volume,1,,,,,
mg/dL (calc),MG/DL (CALC),,9028,mg/dL{calc},milligram per deciliter calculated,mass,0.001,volume,0.1,,,,CALC,
IU/mL,IU/ML,,8985,[iU]/mL,international unit per milliliter,unit,1,volume,0.001,,,,,
units,UNITS,,8510,[U],unit,unit,1,,,,,,,
ug/g,UG/G,,8720,ug/g,microgram per gram,mass,1e-06,mass,1,,,,,
MG/DL(CALC),MG/DL(CALC),,9028,mg/dL{calc},milligram per deciliter calculated,mass,0.001,volume,0.1,,,,CALC,
ug/L,UG/L,,8748,ug/L,microgram per liter,mass,1e-06,volume,1,,,,,
MIU/ML,MIU/ML,,9550,10*-3.[iU]/mL,milli-international unit per milliliter,unit,0.001,volume,0.001,,,,,
SECONDS,SECONDS,,8555,s,second,time,1,,,,,,,
NG/ML,NG/ML,,8842,ng/mL,nanogram per milliliter,mass,1e-09,volume,0.001,,,,,
S/CO,S/CO,,8779,{signal}/[{CO'ratio}],signal to cutoff ratio,,1,,1,,,SIGNAL,CO RATIO,
MM/HR,MM/HR,,8752,mm/h,millimeter per hour,distance,0.001,time,3600,,,,,
mcg/dL (calc),MCG/DL (CALC),,8837,ug/dL,microgram per deciliter,mass,1e-06,volume,0.1,,,,,
% (calc),% (CALC),,44777555,%{calc},percent calculated,percent,1,,,,,CALC,,
MCG/DL,MCG/DL,,8837,ug/dL,microgram per deciliter,mass,1e-06,volume,0.1,,,,,
UG/DL,UG/DL,,8837,ug/dL,microgram per deciliter,mass,1e-06,volume,0.1,,,,,
kU/L,KU/L,,8810,10*3.[U]/L,kilounit per liter,unit,1000,volume,1,,,,,
AU/mL,AU/ML,,8763,[U]/mL,unit per milliliter,unit,1,volume,0.001,,,,,
log IU/mL,LOG IU/ML,,9084,lg([iU])/mL,log international unit per milliliter,unit,1,volume,0.001,,,,,
index,INDEX,,-1,No matching concept,No matching concept,,,,,,,,,
nmol/hr/mL RBC,NMOL/HR/ML RBC,,44777632,nmol/h/mL{RBC},nanomole per hour and milliliter red blood cells,mole,1e-09,time,3600,volume,0.001,,,RBC
mcg/g,MCG/G,,8720,ug/g,microgram per gram,mass,1e-06,mass,1,,,,,
pmol/8x 10E8,PMOL/8X 10E8,,9148,pmol/8.10*8.{RBC},picomole per eight times 10 to the 8th red blood cells,mole,1e-12,,810000000,,,,RBC,
IV,IV,,0,No matching concept,No matching concept,,1,,,,,,,
x10,X10,,8848,10*3/uL,thousand per microliter,count,1000,volume,1e-06,,,,,
ug Elast./g,UG ELAST./G,,8720,ug/g,microgram per gram,mass,1e-06,mass,1,,,,,
titer,TITER,,8525,{titer},titer,,1,,,,,TITER,,
nmol/L,NMOL/L,,8736,nmol/L,nanomole per liter,mole,1e-09,volume,1,,,,,
E.U./dL,E.U./DL,,8829,[EU]/dL,Ehrlich unit per deciliter,unit,1,volume,0.1,,,,,
SEC,SEC,,8555,s,second,time,1,,,,,,,
s/co ratio,S/CO RATIO,,8779,{signal}/[{CO'ratio}],signal to cutoff ratio,,1,,1,,,SIGNAL,CO RATIO,
/hpf,/HPF,,8786,/[HPF],per high power field,count,1000,,,,,,,
Unit,UNIT,,8510,[U],unit,unit,1,,,,,,,
10*6/MM3,10*6/MM3,,8931,10*6/mm3,million per cubic millimeter,count,1000000,volume,1e-06,,,,,
IU/ML,IU/ML,,8985,[iU]/mL,international unit per milliliter,unit,1,volume,0.001,,,,,
EU/dL,EU/DL,,8829,[EU]/dL,Ehrlich unit per deciliter,unit,1,volume,0.1,,,,,
mill/cu mm,MILL/CU MM,,8931,10*6/mm3,million per cubic millimeter,count,1000000,volume,1e-06,,,,,
mg/dl,MG/DL,,8840,mg/dL,milligram per deciliter,mass,0.001,volume,0.1,,,,,
cu micron,CU MICRON,,8583,fL,FEMTOLITER,volume,1e-15,,,,,,,
ml/min/1.73M2,ML/MIN/1.73M2,,9117,mL/min/1.73.m2,milliliter per minute per 1.73 square meter,volume,0.001,time,60,area,1.73,,,
/100 WBC,/100 WBC,,9032,/100.{WBC},per 100 white blood cells,count,1,,100,,,,WBC,
sec,SEC,,8555,s,second,time,1,,,,,,,
%PCV,%PCV,,8554,%,percent,percent,1,,,,,,,
mm Hg,MM HG,,8876,mm[Hg],millimeter mercury column,distance,0.001,,,,,,,
MMHG,MMHG,,8876,mm[Hg],millimeter mercury column,distance,0.001,,,,,,,
mcg/mg creat,MCG/MG CREAT,,9072,ug/mg{creat},microgram per milligram of creatinine,mass,1e-06,mass,0.001,,,,CREAT,
vol %,VOL %,,9234,%{vol},volume percent,percent,1,,,,,VOL,,
% Saturation,% SATURATION,,8728,%{sat},percent saturation,percent,1,,,,,SAT,,
mEq/L,MEQ/L,,9557,10*-3.eq/L,milliequivalent per liter,equivalent,0.001,volume,1,,,,,
mm,MM,,8588,mm,millimeter,distance,0.001,,,,,,,
deg,DEG,,9484,deg,degree,,1,,,,,,,
mOSM/Kg,MOSM/KG,,8862,mosm/kg,milliosmole per kilogram,osmols,0.001,mass,1000,,,,,
cumm,CUMM,,8686,mm3,cubic millimeter,volume,1e-06,,,,,,,
mcmol/L,MCMOL/L,,8749,umol/L,micromole per liter,mole,1e-06,volume,1,,,,,
L/min,L/MIN,,8698,L/min,liter per minute,volume,1,time,60,,,,,
Vol%,VOL%,,9234,%{vol},volume percent,percent,1,,,,,VOL,,
min,MIN,,8550,min,minute,time,60,,,,,,,
sec.,SEC.,,8555,s,second,time,1,,,,,,,
INR,INR,,0,No matching concept,No matching concept,,1,,,,,,,
bpm,BPM,,4118124,258983007,beats/min,count,1,time,1,,60,,,
cm H2O,CM H2O,,44777590,cm[H2O],centimeter watercolumn,distance,0.02,,,,,,,
umol/L,UMOL/L,,8749,umol/L,micromole per liter,mole,1e-06,volume,1,,,,,
% Sat,% SAT,,8728,%{sat},percent saturation,percent,1,,,,,SAT,,
mL,ML,,8587,mL,milliliter,volume,0.001,,,,,,,
IU/ml,IU/ML,,8985,[iU]/mL,international unit per milliliter,unit,1,volume,0.001,,,,,
E.U./DL,E.U./DL,,8829,[EU]/dL,Ehrlich unit per deciliter,unit,1,volume,0.1,,,,,
ng'mL,NG'ML,,8842,ng/mL,nanogram per milliliter,mass,1e-09,volume,0.001,,,,,
% Inhibition,% INHIBITION,,8738,%{inhibition},percent inhibition,percent,1,,,,,INHIBITION,,
TITER,TITER,,8525,{titer},titer,,1,,,,,TITER,,
ug/d,UG/D,,8906,ug/(24.h),microgram per 24 hours,mass,1e-06,time,86400,,,,,
ug/g CRT,UG/G CRT,,9014,ug/g{creat},microgram per gram of creatinine,mass,1e-06,mass,1,,,,CREAT,
g/24 h,G/24 H,,8807,g/(24.h),gram per 24 hours,mass,1,time,86400,,,,,
hours,HOURS,,8505,h,hour,time,3600,,,,,,,
mg/gCR,MG/GCR,,9017,mg/g{creat},milligram per gram of creatinine,mass,0.001,mass,1,,,,CREAT,
mg/d,MG/D,,8909,mg/(24.h),milligram per 24 hours,mass,0.001,time,86400,,,,,
ng/mL/hr,NG/ML/HR,,9020,ng/mL/h,nanogram per milliliter and hour,mass,1e-09,volume,0.001,time,3600,,,
mg/g creatinine,MG/G CREATININE,,9017,mg/g{creat},milligram per gram of creatinine,mass,0.001,mass,1,,,,CREAT,
mg/g creat,MG/G CREAT,,9017,mg/g{creat},milligram per gram of creatinine,mass,0.001,mass,1,,,,CREAT,
mg/24 h,MG/24 H,,8909,mg/(24.h),milligram per 24 hours,mass,0.001,time,86400,,,,,
mL/dL,ML/DL,,9570,mL/dL,milliliter per deciliter,volume,0.001,volume,0.1,,,,,
log cpy/mL,LOG CPY/ML,,8873,lg({copies})/mL,log copies per milliliter,count,1,volume,0.001,,,COPIES,,
cpy/mL,CPY/ML,,9257,/mL,per milliliter,count,1,volume,0.001,,,,,
OD,OD,,8589,[OD'ratio],O.D. ratio,,1,,,,,,,
cu mm,CU MM,,8686,mm3,cubic millimeter,volume,1e-06,,,,,,,
Kd/sc,KD/SC,,0,No matching concept,No matching concept,,1,,,,,,,
GPL U/mL,GPL U/ML,,9157,[GPL'U]/mL,IgG phospholipid unit per milliliter,unit,1,volume,0.001,,,,,
MPL U/mL,MPL U/ML,,8763,[U]/mL,unit per milliliter,unit,1,volume,0.001,,,,,
SGU U/mL,SGU U/ML,,8763,[U]/mL,unit per milliliter,unit,1,volume,0.001,,,,,
SMU U/mL,SMU U/ML,,8763,[U]/mL,unit per milliliter,unit,1,volume,0.001,,,,,
mcg/L,MCG/L,,8748,ug/L,microgram per liter,mass,1e-06,volume,1,,,,,
x10E3/uL ,X10E3/UL,,8848,10*3/uL,thousand per microliter,count,1000,volume,1e-06,,,,,
copies/mL,COPIES/ML,,8799,{copies}/mL,copies per milliliter,count,1,volume,0.001,,,COPIES,,
/UL,/UL,,8647,/uL,per microliter,count,1,volume,1e-06,,,,,
Log IU/mL,LOG IU/ML,,9084,lg([iU])/mL,log international unit per milliliter,unit,1,volume,0.001,,,,,
LPF,LPF,,8765,/[LPF],per low powered field,count,1,,1,,,,,
Units,UNITS,,8510,[U],unit,unit,1,,,,,,,
mg,MG,,8576,mg,milligram,mass,0.001,,,,,,,
ratio,RATIO,,8523,{ratio},ratio,,1,,,,,RATIO,,
mU/mL,MU/ML,,8719,10*-3.[U]/mL,milliunit per milliliter,unit,0.001,volume,0.001,,,,,
Copies/mL,COPIES/ML,,8799,{copies}/mL,copies per milliliter,count,1,volume,0.001,,,COPIES,,
copies/ml,COPIES/ML,,8799,{copies}/mL,copies per milliliter,count,1,volume,0.001,,,COPIES,,
degrees,DEGREES,,9484,deg,degree,,1,,,,,,,
pmol/L,PMOL/L,,8729,pmol/L,picomole per liter,mole,1e-12,volume,1,,,,,
UG/ML(FEU),UG/ML(FEU),,8990,ug/mL{FEU},Microgram per milliliter of FEU,mass,1e-06,volume,0.001,,,,FEU,
Secs.,SECS.,,8555,s,second,time,1,,,,,,,
AI,AI,,8478,{ai},avidity index,,1,,,,,AI,,
UNITS,UNITS,,8510,[U],unit,unit,1,,,,,,,
gm/dl,GM/DL,,8713,g/dL,gram per deciliter,mass,1,volume,0.1,,,,,
 /HPF,/HPF,,8786,/[HPF],per high power field,count,1000,,,,,,,
mL/Min/1.73m2,ML/MIN/1.73M2,,9117,mL/min/1.73.m2,milliliter per minute per 1.73 square meter,volume,0.001,time,60,area,1.73,,,
mOsm/kg,MOSM/KG,,8862,mosm/kg,milliosmole per kilogram,osmols,0.001,mass,1000,,,,,
thou/mm3,THOU/MM3,,8961,10*3/mm3,thousand per cubic millimeter,count,1000,volume,1e-06,,,,,
/100 WBC's,/100 WBC'S,,9032,/100.{WBC},per 100 white blood cells,count,1,,100,,,,WBC,
mill/mm3,MILL/MM3,,8815,10*6/uL,million per microliter,count,1000000,volume,1e-06,,,,,
Relative OD,RELATIVE OD,,8589,[OD'ratio],O.D. ratio,,1,,,,,,,
in,IN,,9330,[in_us],inch (US),distance,0.0254,,,,,,,
ft,FT,,4118332,259051005,ft,distance,0.3048,,,,,,,
mL/min,ML/MIN,,8795,mL/min,milliliter per minute,volume,0.001,time,60,,,,,
ng/mL/h,NG/ML/H,,9020,ng/mL/h,nanogram per milliliter and hour,mass,1e-09,volume,0.001,time,3600,,,
Ratio,RATIO,,8523,{ratio},ratio,,1,,,,,RATIO,,
mcg/24 h,MCG/24 H,,8906,ug/(24.h),microgram per 24 hours,mass,1e-06,time,86400,,,,,
mcg/g creat,MCG/G CREAT,,9014,ug/g{creat},microgram per gram of creatinine,mass,1e-06,mass,1,,,,CREAT,
hr,HR,,8505,h,hour,time,3600,,,,,,,
copies/100K WBC,COPIES/100K WBC,,9032,/100.{WBC},per 100 white blood cells,count,1,,100,,,,WBC,
Copies/ mL,COPIES/ ML,,8799,{copies}/mL,copies per milliliter,count,1,volume,0.001,,,COPIES,,
mg/24 hr,MG/24 HR,,8909,mg/(24.h),milligram per 24 hours,mass,0.001,time,86400,,,,,
mOsmol/kg,MOSMOL/KG,,8862,mosm/kg,milliosmole per kilogram,osmols,0.001,mass,1000,,,,,
% baseline,% BASELINE,,8688,%{baseline},percent baseline,percent,1,,,,,BASELINE,,
uIU/mL ,UIU/ML,,9093,10*-6.[iU]/mL,micro-international unit per milliliter,unit,1e-06,volume,0.001,,,,,
ug/mL,UG/ML,,8859,ug/mL,microgram per milliliter,mass,1e-06,volume,0.001,,,,,
Units/mL RBC,UNITS/ML RBC,,9083,[U]/mL{RBC},unit per milliliter of red blood cells,unit,1,volume,0.001,,,,RBC,
mg/g,MG/G,,8723,mg/g,milligram per gram,mass,0.001,mass,1,,,,,
ug/24 hr,UG/24 HR,,8906,ug/(24.h),microgram per 24 hours,mass,1e-06,time,86400,,,,,
mL/24 h,ML/24 H,,8930,mL/(24.h),milliliter per 24 hours,volume,0.001,time,86400,,,,,
10,,,,,,,,,,,,,,
Score,SCORE,,44777566,[score],score,,1,,,,,,,
20201,,,,,,,,,,,,,,
20102,,,,,,,,,,,,,,
%SAT,%SAT,,8728,%{sat},percent saturation,percent,1,,,,,SAT,,
BPM,BPM,,4118124,258983007,beats/min,count,1,time,1,,60,,,
MEQ/L,MEQ/L,,9557,10*-3.eq/L,milliequivalent per liter,equivalent,0.001,volume,1,,,,,
VOL%,VOL%,,9234,%{vol},volume percent,percent,1,,,,,VOL,,
CMH2O,CMH2O,,44777590,cm[H2O],centimeter watercolumn,distance,0.02,,,,,,,
MCMOL/L,MCMOL/L,,8749,umol/L,micromole per liter,mole,1e-06,volume,1,,,,,
MCG/ML,MCG/ML,,8859,ug/mL,microgram per milliliter,mass,1e-06,volume,0.001,,,,,
mL/dl,ML/DL,,9570,mL/dL,milliliter per deciliter,volume,0.001,volume,0.1,,,,,
degrees C,DEGREES C,,586323,Cel,degree Celsius,temperature,1,,,,,,,
MMOLL,MMOLL,,9573,mmol,millimole,mole,0.001,,,,,,,
MIN,MIN,,8550,min,minute,time,60,,,,,,,
KD/SC,KD/SC,,0,No matching concept,No matching concept,,1,,,,,,,
DEG,DEG,,9484,deg,degree,,1,,,,,,,
MM,MM,,8588,mm,millimeter,distance,0.001,,,,,,,
æg/ml,AEG/ML,,9514,g/mL,gram per milliliter,mass,1,volume,0.001,,,,,
mg/L (FEU),MG/L (FEU),,44777663,mg{FEU}/L,milligram of fibrinogen equivalent unit per liter,mass,0.001,volume,1,,,FEU,,
nmol/mL,NMOL/ML,,8843,nmol/mL,nanomole per milliliter,mole,1e-09,volume,0.001,,,,,
CUMM,CUMM,,8686,mm3,cubic millimeter,volume,1e-06,,,,,,,
NU/ML,NU/ML,,9445,10*9/mL,billion per milliliter,count,1000000000,volume,0.001,,,,,
U/ML,U/ML,,8763,[U]/mL,unit per milliliter,unit,1,volume,0.001,,,,,
JDF,JDF,,0,No matching concept,No matching concept,,1,,,,,,,
10^3/uL,10^3/UL,,8848,10*3/uL,thousand per microliter,count,1000,volume,1e-06,,,,,
10^6/uL,10^6/UL,,8815,10*6/uL,million per microliter,count,1000000,volume,1e-06,,,,,
K/uL,K/UL,,8848,10*3/uL,thousand per microliter,count,1000,volume,1e-06,,,,,
lbs,LBS,,4124425,258693003,lb,mass,453.592,,,,,,,
weeks,WEEKS,,8511,wk,week,time,604800,,,,,,,
UMOL/L,UMOL/L,,8749,umol/L,micromole per liter,mole,1e-06,volume,1,,,,,
MG/GCREATININE,MG/GCREATININE,,9017,mg/g{creat},milligram per gram of creatinine,mass,0.001,mass,1,,,,CREAT,
U,U,,8510,[U],unit,unit,1,,,,,,,
mcIU/mL,MCIU/ML,,9093,10*-6.[iU]/mL,micro-international unit per milliliter,unit,1e-06,volume,0.001,,,,,
nU/mL,NU/ML,,9445,10*9/mL,billion per milliliter,count,1000000000,volume,0.001,,,,,
g/24 hr,G/24 HR,,8807,g/(24.h),gram per 24 hours,mass,1,time,86400,,,,,
% normal,% NORMAL,,8648,%{of'normal},percent of normal,percent,1,,,,,OF NORMAL,,
mcg/min,MCG/MIN,,8774,ug/min,microgram per minute,mass,1e-06,time,60,,,,,
mg/mg creat,MG/MG CREAT,,9074,mg/mg{creat},milligram per milligram of creatinine,mass,0.001,mass,0.001,,,,CREAT,
LI,LI,,8519,L,liter,volume,1,,,,,,,
CAE Units,CAE UNITS,,8510,[U],unit,unit,1,,,,,,,
L/MIN,L/MIN,,8698,L/min,liter per minute,volume,1,time,60,,,,,
log,LOG,,0,No matching concept,No matching concept,,1,,,,,,,
CELLS/UL,CELLS/UL,,8784,{cells}/uL,cells per microliter,count,1,volume,1e-06,,,CELLS,,
wk,WK,,8511,wk,week,time,604800,,,,,,,
PRU,PRU,,9388,[PRU],peripheral vascular resistance unit,,1,,,,,,,
DEGREESC,DEGREESC,,586323,Cel,degree Celsius,temperature,1,,,,,,,
pmol/8x10(8)RBC,PMOL/8X10(8)RBC,,9148,pmol/8.10*8.{RBC},picomole per eight times 10 to the 8th red blood cells,mole,1e-12,,810000000,,,,RBC,
COPIES/ML,COPIES/ML,,8799,{copies}/mL,copies per milliliter,count,1,volume,0.001,,,COPIES,,
Log cps/mL,LOG CPS/ML,,44777605,lg({cells})/mL,log cells per milliliter,count,1,volume,0.001,,,CELLS,,
copies/ mL,COPIES/ ML,,8799,{copies}/mL,copies per milliliter,count,1,volume,0.001,,,COPIES,,
SD,SD,,0,No matching concept,No matching concept,,1,,,,,,,
HOURS,HOURS,,8505,h,hour,time,3600,,,,,,,
ML,ML,,8587,mL,milliliter,volume,0.001,,,,,,,
ML/MIN,ML/MIN,,8795,mL/min,milliliter per minute,volume,0.001,time,60,,,,,
U/ml,U/ML,,8763,[U]/mL,unit per milliliter,unit,1,volume,0.001,,,,,
G/24HR,G/24HR,,8807,g/(24.h),gram per 24 hours,mass,1,time,86400,,,,,
ms,MS,,9593,ms,millisecond,time,1000,,,,,,,
U/g,U/G,,8629,[U]/g,unit per gram,unit,1,mass,1,,,,,
mEQ/L,MEQ/L,,9557,10*-3.eq/L,milliequivalent per liter,equivalent,0.001,volume,1,,,,,
ml/min,ML/MIN,,8795,mL/min,milliliter per minute,volume,0.001,time,60,,,,,
log IU,LOG IU,,0,No matching concept,No matching concept,,1,,,,,,,
MOSM/KG,MOSM/KG,,8862,mosm/kg,milliosmole per kilogram,osmols,0.001,mass,1000,,,,,
cGray,CGRAY,,32666,cGy,centigray,,1,,,,,,,
SI,SI,,0,No matching concept,No matching concept,,1,,,,,,,
umol/d,UMOL/D,,8907,umol/(24.h),micromole per 24 hours,mole,1e-06,time,86400,,,,,
umol/mol CRT,UMOL/MOL CRT,,9675,umol/mol{creat},micromole per mole of creatinine,mole,1e-06,mole,1,,,,CREAT,
mcg/mL FEU,MCG/ML FEU,,8989,ug{FEU}/mL,microgram of fibrinogen equivalent unit per milliliter,mass,1e-06,volume,0.001,,,FEU,,
GPL,GPL,,9100,[GPL'U],IgG phospholipid unit,unit,1,,,,,,,
SAU,SAU,,0,No matching concept,No matching concept,,1,,,,,,,
SGU,SGU,,0,No matching concept,No matching concept,,1,,,,,,,
G units,G UNITS,,8504,g,gram,mass,1,,,,,,,
APL,APL,,0,No matching concept,No matching concept,,1,,,,,,,
MPL,MPL,,0,No matching concept,No matching concept,,1,,,,,,,
MPS,MPS,,8495,[MPS'U],anti-phosphatidylserine IgM concentration (MPS) unit,unit,1,,,,,,,
SMU,SMU,,0,No matching concept,No matching concept,,1,,,,,,,
GPS,GPS,,8487,[GPS'U],anti-phosphatidylserine IgG concentration (GPS) unit,unit,1,,,,,,,
/lpf,/LPF,,8765,/[LPF],per low powered field,count,1,,1,,,,,
F,F,,8517,F,Farad,,1,,,,,,,
pH UNITS,PH UNITS,,8482,pH,pH,,1,,,,,,,
pH units,PH UNITS,,8482,pH,pH,,1,,,,,,,
PATTERN,PATTERN,,-1,,Likely Error,,,,,,,,,
/100 WBC'S,/100 WBC'S,,9032,/100.{WBC},per 100 white blood cells,count,1,,100,,,,WBC,
UG FEU/mL,UG FEU/ML,,8989,ug{FEU}/mL,microgram of fibrinogen equivalent unit per milliliter,mass,1e-06,volume,0.001,,,FEU,,
ng/mL RBC,NG/ML RBC,,9113,ng/mL{RBC},nanogram per milliliter of red blood cells,mass,1e-09,volume,0.001,,,,RBC,
Pattern,PATTERN,,-1,,Likely Error,,,,,,,,,
Angstrom,ANGSTROM,,9452,Ang,Angstrom,,1,,,,,,,
calc,CALC,,8596,{calc},calculated,,1,,,,,CALC,,
nmol/min/mL,NMOL/MIN/ML,,44777635,nmol/min/mL,nanomole per minute and milliliter,mole,1e-09,time,60,volume,0.001,,,
°F,DEGF,,9289,[degF],degree Fahrenheit,temperature,,,,,,,,
mcg/mL ,MCG/ML,,8859,ug/mL,microgram per milliliter,mass,1e-06,volume,0.001,,,,,
MoM,MOM,,8494,{MOM},multiple of the median,,1,,,,,MOM,,
week,WEEK,,8511,wk,week,time,604800,,,,,,,
Lb,LB,,4124425,258693003,lb,mass,453.592,,,,,,,
ML/MIN/1.73,ML/MIN/1.73,,9117,mL/min/1.73.m2,milliliter per minute per 1.73 square meter,volume,0.001,time,60,area,1.73,,,
%(CALC),%(CALC),,44777555,%{calc},percent calculated,percent,1,,,,,CALC,,
mOsm,MOSM,,8605,mosm,milliosmole,osmols,0.001,,,,,,,
MCIU/ML,MCIU/ML,,9093,10*-6.[iU]/mL,micro-international unit per milliliter,unit,1e-06,volume,0.001,,,,,
% eos,% EOS,,9222,%{eos},percent eosinophils,percent,1,,,,,EOS,,
µg/mL,UG/ML,,8859,ug/mL,microgram per milliliter,mass,1e-06,volume,0.001,,,,,
g,G,,8504,g,gram,mass,1,,,,,,,
MG/24HR,MG/24HR,,8909,mg/(24.h),milligram per 24 hours,mass,0.001,time,86400,,,,,
Log copies/mL,LOG COPIES/ML,,8873,lg({copies})/mL,log copies per milliliter,count,1,volume,0.001,,,COPIES,,
log10copy/mL,LOG10COPY/ML,,8873,lg({copies})/mL,log copies per milliliter,count,1,volume,0.001,,,COPIES,,
log10 IU/mL,LOG10 IU/ML,,9084,lg([iU])/mL,log international unit per milliliter,unit,1,volume,0.001,,,,,
MMOL/24HR,MMOL/24HR,,8910,mmol/(24.h),millimole per 24 hours,mole,0.001,time,86400,,,,,
HRS,HRS,,8505,h,hour,time,3600,,,,,,,
x10-3/uL,X10-3/UL,,8938,10*-3/uL,thousandth per microliter,count,0.001,volume,1e-06,,,,,
mL/mn/1.73m2,ML/MN/1.73M2,,9117,mL/min/1.73.m2,milliliter per minute per 1.73 square meter,volume,0.001,time,60,area,1.73,,,
x10-6/uL,X10-6/UL,,8815,10*6/uL,million per microliter,count,1000000,volume,1e-06,,,,,
/100WBC,/100WBC,,9032,/100.{WBC},per 100 white blood cells,count,1,,100,,,,WBC,
Bands,BANDS,,0,No matching concept,No matching concept,,1,,,,,,,
pmole/8x10E8RBC,PMOLE/8X10E8RBC,,9148,pmol/8.10*8.{RBC},picomole per eight times 10 to the 8th red blood cells,mole,1e-12,,810000000,,,,RBC,
 cu mm,CU MM,,8686,mm3,cubic millimeter,volume,1e-06,,,,,,,
ISR,ISR,,8488,{ISR},immune status ratio,,1,,,,,ISR,,
Log Reduction,LOG REDUCTION,,8623,lg({reduction}),log reduction,,1,,,,,REDUCTION,,
mmol/24h,MMOL/24H,,8807,g/(24.h),gram per 24 hours,mass,1,time,86400,,,,,
g/24h,G/24H,,8807,g/(24.h),gram per 24 hours,mass,1,time,86400,,,,,
cP,CP,,8479,cP,centipoise,,1,,,,,,,
hrs,HRS,,8505,h,hour,time,3600,,,,,,,
ug/min,UG/MIN,,8774,ug/min,microgram per minute,mass,1e-06,time,60,,,,,
Base PRU,BASE PRU,,9388,[PRU],peripheral vascular resistance unit,,1,,,,,,,
INDEX VALUE,INDEX VALUE,,-1,,Likely Error,,,,,,,,,
Index,INDEX,,-1,No matching concept,No matching concept,,,,,,,,,
nmol/d,NMOL/D,,44777627,nmol/(24.h),nanomole per 24 hours,mole,1e-09,time,86400,,,,,
umol/g CRT,UMOL/G CRT,,9015,umol/g{creat},micromole per gram of creatinine,mole,1e-06,mass,1,,,,CREAT,
yr,YR,,9448,a,year,time,220298400,,,,,,,
GPLU/ML,GPLU/ML,,9157,[GPL'U]/mL,IgG phospholipid unit per milliliter,unit,1,volume,0.001,,,,,
MPLU/ML,MPLU/ML,,9158,[MPL'U]/mL,IgM phospholipid unit per milliliter,unit,1,volume,0.001,,,,,
SGUU/ML,SGUU/ML,,8763,[U]/mL,unit per milliliter,unit,1,volume,0.001,,,,,
SMUU/ML,SMUU/ML,,8763,[U]/mL,unit per milliliter,unit,1,volume,0.001,,,,,
Index Value,INDEX VALUE,,-1,,Likely Error,,,,,,,,,
log10IU/mL,LOG10IU/ML,,9084,lg([iU])/mL,log international unit per milliliter,unit,1,volume,0.001,,,,,
Hours,HOURS,,8505,h,hour,time,3600,,,,,,,
U/g Hb,U/G HB,,9651,[U]/g{HGB},unit per gram of hemoglobin,unit,1,mass,1,,,,HGB,
U/g Hgb,U/G HGB,,9651,[U]/g{HGB},unit per gram of hemoglobin,unit,1,mass,1,,,,HGB,
ug/ml  (g),UG/ML  (G),,8859,ug/mL,microgram per milliliter,mass,1e-06,volume,0.001,,,,,
mg/24h,MG/24H,,8909,mg/(24.h),milligram per 24 hours,mass,0.001,time,86400,,,,,
mg/mL,MG/ML,,8861,mg/mL,milligram per milliliter,mass,0.001,volume,0.001,,,,,
nm,NM,,9607,nmol,nanomole,mole,1e-09,,,,,,,
TU,TU,,9415,[todd'U],Todd unit,unit,1,,,,,,,
Titer,TITER,,8525,{titer},titer,,1,,,,,TITER,,
% inhibit,% INHIBIT,,4306184,419495008,% inhib,count,1,,,,,,,
% binding inhib,% BINDING INHIB,,9218,%{binding},percent binding,percent,1,,,,,BINDING,,
EU/ml,EU/ML,,8695,[EU]/mL,Ehrlich unit per milliliter,unit,1,volume,0.001,,,,,
10^3/ML,10^3/ML,,9436,10*3/mL,thousand per milliliter,count,1000,volume,0.001,,,,,
µIU/mL,UIU/ML,,9093,10*-6.[iU]/mL,micro-international unit per milliliter,unit,1e-06,volume,0.001,,,,,
% of inhibition,% OF INHIBITION,,8738,%{inhibition},percent inhibition,percent,1,,,,,INHIBITION,,
mg/g of Creat,MG/G OF CREAT,,9017,mg/g{creat},milligram per gram of creatinine,mass,0.001,mass,1,,,,CREAT,
g/L,G/L,,8636,g/L,gram per liter,mass,1,volume,1,,,,,
ug/g creat,UG/G CREAT,,9014,ug/g{creat},microgram per gram of creatinine,mass,1e-06,mass,1,,,,CREAT,
FIU,FIU,,44777563,[FiU],fluorescence intensity unit,unit,1,,,,,,,
mmol/24hr,MMOL/24HR,,8910,mmol/(24.h),millimole per 24 hours,mole,0.001,time,86400,,,,,
mmol/24 hr,MMOL/24 HR,,8910,mmol/(24.h),millimole per 24 hours,mole,0.001,time,86400,,,,,
% activity,% ACTIVITY,,8687,%{activity},percent activity,percent,1,,,,,ACTIVITY,,
GM/DL,GM/DL,,8713,g/dL,gram per deciliter,mass,1,volume,0.1,,,,,
EU,EU,,8480,[EU],Ehrlich unit,unit,1,,,,,,,
thou/mcL,THOU/MCL,,8848,10*3/uL,thousand per microliter,count,1000,volume,1e-06,,,,,
tho/mm3,THO/MM3,,8961,10*3/mm3,thousand per cubic millimeter,count,1000,volume,1e-06,,,,,
m/mcL,M/MCL,,8815,10*6/uL,million per microliter,count,1000000,volume,1e-06,,,,,
log10 copy/mL,LOG10 COPY/ML,,8873,lg({copies})/mL,log copies per milliliter,count,1,volume,0.001,,,COPIES,,
U/10E12 RBC,U/10E12 RBC,,9031,[U]/10*12.{RBC},unit per billion red blood cells,unit,1,,1000000000000,,,,RBC,
M units,M UNITS,,9689,10*6.[U],Million unit,unit,1000000,,,,,,,
Sec,SEC,,8555,s,second,time,1,,,,,,,
% mutation,% MUTATION,,8554,%,percent,percent,1,,,,,,,
NMOL/L,NMOL/L,,8736,nmol/L,nanomole per liter,mole,1e-09,volume,1,,,,,
g//dL,G//DL,,8713,g/dL,gram per deciliter,mass,1,volume,0.1,,,,,
No preferred unit,NO PREFERRED UNIT,,-1,No matching concept,No matching concept,,1,,,,,,,
mmol/g creat,MMOL/G CREAT,,9576,mmol/g,millimole per gram,mole,0.001,mass,1,,,,,
mmol/24 h,MMOL/24 H,,8910,mmol/(24.h),millimole per 24 hours,mole,0.001,time,86400,,,,,
nM BCE/mM Cr,NM BCE/MM CR,,9114,nmol{BColl}eq/mmol{creat},nanomole of bone collagen equivalent per millimole of creatinine,mole,1e-09,mole,0.001,,,BCOLL,CREAT,
nmol BCE,NMOL BCE,,8665,nmol{BColl}eq,nanomole of bone collagen equivalent,mole,1e-09,,,,,BCOLL,,
UI/ml,UI/ML,,8985,[iU]/mL,international unit per milliliter,unit,1,volume,0.001,,,,,
EIA,EIA,,8556,[EIA'U],EIA unit,unit,1,,,,,,,
AU,AU,,45744811,{AU},allergenic unit,,1,,,,,AU,,
ratio units,RATIO UNITS,,8606,[ratio'U],ratio unit,unit,1,,,,,,,
% leukocytes,% LEUKOCYTES,,8554,%,percent,percent,1,,,,,,,
g/dL(%),G/DL(%),,8713,g/dL,gram per deciliter,mass,1,volume,0.1,,,,,
BU,BU,,9271,[bu_us],bushel (US),unit,1,,,,,,,
LIV,LIV,,44777565,[LIV],lyme index value,,1,,,,,,,
mil/uL,MIL/UL,,8815,10*6/uL,million per microliter,count,1000000,volume,1e-06,,,,,
mg/day,MG/DAY,,8909,mg/(24.h),milligram per 24 hours,mass,0.001,time,86400,,,,,
mmol/day,MMOL/DAY,,8910,mmol/(24.h),millimole per 24 hours,mole,0.001,time,86400,,,,,
mEq/day,MEQ/DAY,,44777582,10*-3.eq/(24.h),milliequivalent per 24 hours,equivalent,0.001,time,86400,,,,,
L/day,L/DAY,,8857,L/(24.h),liter per 24 hours,volume,1,time,86400,,,,,
µg/L,UG/L,,8748,ug/L,microgram per liter,mass,1e-06,volume,1,,,,,
h,H,,8505,h,hour,time,3600,,,,,,,
mcg/g Cr,MCG/G CR,,9014,ug/g{creat},microgram per gram of creatinine,mass,1e-06,mass,1,,,,CREAT,
UG/ML,UG/ML,,8859,ug/mL,microgram per milliliter,mass,1e-06,volume,0.001,,,,,
% release,% RELEASE,,8554,%,percent,percent,1,,,,,,,
ug/mL(g),UG/ML(G),,8859,ug/mL,microgram per milliliter,mass,1e-06,volume,0.001,,,,,
ug/gCR,UG/GCR,,9014,ug/g{creat},microgram per gram of creatinine,mass,1e-06,mass,1,,,,CREAT,
nmol/punch/h,NMOL/PUNCH/H,assumed volume is ul,0,No matching concept,No matching concept,mole,1,unit,1,time,3600,,,
years,YEARS,,9448,a,year,time,220298400,,,,,,,
JDF units,JDF UNITS,,8510,[U],unit,unit,1,,,,,,,
mmol/d,MMOL/D,,8910,mmol/(24.h),millimole per 24 hours,mole,0.001,time,86400,,,,,
UG/MG Creat,UG/MG CREAT,,9072,ug/mg{creat},microgram per milligram of creatinine,mass,1e-06,mass,0.001,,,,CREAT,
JDF Units,JDF UNITS,,8510,[U],unit,unit,1,,,,,,,
ngmLhr,NGMLHR,,9020,ng/mL/h,nanogram per milliliter and hour,mass,1e-09,volume,0.001,time,3600,,,
lb,LB,,4124425,258693003,lb,mass,453.592,,,,,,,
EU/DL,EU/DL,,8829,[EU]/dL,Ehrlich unit per deciliter,unit,1,volume,0.1,,,,,
mg/24hrs,MG/24HRS,,8807,g/(24.h),gram per 24 hours,mass,1,time,86400,,,,,
MCG/MIN,MCG/MIN,,8774,ug/min,microgram per minute,mass,1e-06,time,60,,,,,
ARU,ARU,,0,No matching concept,No matching concept,,1,,,,,,,
pmol/h/punch,PMOL/H/PUNCH,,0,No matching concept,No matching concept,mole,1e-12,time,3600,unit,1,,,
mcg Eq/mL,MCG EQ/ML,,9046,ug{eq}/mL,microgram equivalent per milliliter,mass,1e-06,volume,0.001,,,EQ,,
ppb,PPB,,8703,[ppb],parts per billion,partsper,1000000000,,,,,,,
µg/dL,UG/DL,,8837,ug/dL,microgram per deciliter,mass,1e-06,volume,0.1,,,,,
WEEKS,WEEKS,,8511,wk,week,time,604800,,,,,,,
s,S,,8555,s,second,time,1,,,,,,,
ng/24 hrs,NG/24 HRS,,44777624,ng/(24.h),nanogram per 24 hours,mass,1e-09,time,86400,,,,,
mL/min/BSA,ML/MIN/BSA,,0,No matching concept,No matching concept,volume,0.001,time,60,area,1,,,
Cells/ul,CELLS/UL,,8784,{cells}/uL,cells per microliter,count,1,volume,1e-06,,,CELLS,,
pmol/hr/uL,PMOL/HR/UL,,0,No matching concept,No matching concept,mole,1e-12,time,3600,volume,1e-06,,,
nM BCE/mM creat,NM BCE/MM CREAT,,9114,nmol{BColl}eq/mmol{creat},nanomole of bone collagen equivalent per millimole of creatinine,mole,1e-09,mole,0.001,,,BCOLL,CREAT,
RU/mL,RU/ML,,0,No matching concept,No matching concept,unit,1,volume,0.001,,,,,
GPI IgM units,GPI IGM UNITS,,9101,[MPL'U],IgM phospholipid unit,unit,1,,,,,,,
K Particles/uL,K PARTICLES/UL,,8848,10*3/uL,thousand per microliter,count,1000,volume,1e-06,,,,,
mg/g Creat,MG/G CREAT,,9017,mg/g{creat},milligram per gram of creatinine,mass,0.001,mass,1,,,,CREAT,
ng/L,NG/L,,8725,ng/L,nanogram per liter,mass,1e-09,volume,1,,,,,
cpm,CPM,,0,No matching concept,No matching concept,,1,,,,,,,
Net CPM,NET CPM,,0,No matching concept,No matching concept,,1,,,,,,,
UG/24HR,UG/24HR,,8906,ug/(24.h),microgram per 24 hours,mass,1e-06,time,86400,,,,,
GPI IgA units,GPI IGA UNITS,,9099,[APL'U],IgA phospholipid unit,unit,1,,,,,,,
GPI IgG units,GPI IGG UNITS,,9100,[GPL'U],IgG phospholipid unit,unit,1,,,,,,,
mmol/mol creat,MMOL/MOL CREAT,,9019,mmol/mol{creat},millimole per mole of creatinine,mole,0.001,mole,1,,,,CREAT,
mL/min/1.7m2,ML/MIN/1.7M2,,9117,mL/min/1.73.m2,milliliter per minute per 1.73 square meter,volume,0.001,time,60,area,1.73,,,
% IgG (head only),% IGG (HEAD ONLY),,8554,%,percent,percent,1,,,,,,,
/mL,/ML,,9257,/mL,per milliliter,count,1,volume,0.001,,,,,
X10E3/uL,X10E3/UL,,8848,10*3/uL,thousand per microliter,count,1000,volume,1e-06,,,,,
mg/L FEU,MG/L FEU,,44777663,mg{FEU}/L,milligram of fibrinogen equivalent unit per liter,mass,0.001,volume,1,,,FEU,,
mcg/g cr,MCG/G CR,,9014,ug/g{creat},microgram per gram of creatinine,mass,1e-06,mass,1,,,,CREAT,
10*6/ul,10*6/UL,,8815,10*6/uL,million per microliter,count,1000000,volume,1e-06,,,,,
LBS,LBS,,4124425,258693003,lb,mass,453.592,,,,,,,
YEARS,YEARS,,9448,a,year,time,220298400,,,,,,,
EU/mL,EU/ML,,8695,[EU]/mL,Ehrlich unit per milliliter,unit,1,volume,0.001,,,,,
mg/dL Adult,MG/DL ADULT,,8840,mg/dL,milligram per deciliter,mass,0.001,volume,0.1,,,,,
liters,LITERS,,8519,L,liter,volume,1,,,,,,,
SECS,SECS,,8555,s,second,time,1,,,,,,,
UU/ML,UU/ML,,8860,10*-6.[U]/mL,microunit per milliliter,unit,1e-06,volume,0.001,,,,,
G/DL(CALC),G/DL(CALC),,8950,g/dL{calc},gram per deciliter calculated,mass,1,volume,0.1,,,,CALC,
mAbs,MABS,,0,No matching concept,No matching concept,,1,,,,,,,
APL U/mL,APL U/ML,,9156,[APL'U]/mL,IgA phospholipid unit per milliliter,unit,1,volume,0.001,,,,,
u/mL,U/ML,,8763,[U]/mL,unit per milliliter,unit,1,volume,0.001,,,,,
Units/mL,UNITS/ML,,8763,[U]/mL,unit per milliliter,unit,1,volume,0.001,,,,,
APS IgA,APS IGA,,8542,[APS'U],anti-phosphatidylserine IgA concentration (APS) unit,unit,1,,,,,,,
MPS IgM,MPS IGM,,8495,[MPS'U],anti-phosphatidylserine IgM concentration (MPS) unit,unit,1,,,,,,,
GPS IgG,GPS IGG,,8487,[GPS'U],anti-phosphatidylserine IgG concentration (GPS) unit,unit,1,,,,,,,
ug Eq/mL,UG EQ/ML,,9046,ug{eq}/mL,microgram equivalent per milliliter,mass,1e-06,volume,0.001,,,EQ,,
mM,MM,,8588,mm,millimeter,distance,0.001,,,,,,,
ng/mL ATP,NG/ML ATP,,8842,ng/mL,nanogram per milliliter,mass,1e-09,volume,0.001,,,,,
LITERS,LITERS,,8519,L,liter,volume,1,,,,,,,
COPIES/100KWBC,COPIES/100KWBC,,9032,/100.{WBC},per 100 white blood cells,count,1,,100,,,,WBC,
ml/min/1.73m2,ML/MIN/1.73M2,,9117,mL/min/1.73.m2,milliliter per minute per 1.73 square meter,volume,0.001,time,60,area,1.73,,,
mmol/mol CRT,MMOL/MOL CRT,,9019,mmol/mol{creat},millimole per mole of creatinine,mole,0.001,mole,1,,,,CREAT,
ML/MIN/1.7M2,ML/MIN/1.7M2,,9117,mL/min/1.73.m2,milliliter per minute per 1.73 square meter,volume,0.001,time,60,area,1.73,,,
ug/mg Creat,UG/MG CREAT,,9072,ug/mg{creat},microgram per milligram of creatinine,mass,1e-06,mass,0.001,,,,CREAT,
AU/ML,AU/ML,,8763,[U]/mL,unit per milliliter,unit,1,volume,0.001,,,,,
MG/GCREAT,MG/GCREAT,,9017,mg/g{creat},milligram per gram of creatinine,mass,0.001,mass,1,,,,CREAT,
I.V.,I.V.,,-1,,Likely Error,,,,,,,,,
% Release,% RELEASE,,8554,%,percent,percent,1,,,,,,,
ML/DL,ML/DL,,9570,mL/dL,milliliter per deciliter,volume,0.001,volume,0.1,,,,,
Weeks,WEEKS,,8511,wk,week,time,604800,,,,,,,
thou /cu mm,THOU /CU MM,,8961,10*3/mm3,thousand per cubic millimeter,count,1000,volume,1e-06,,,,,
G//DL,G//DL,,8713,g/dL,gram per deciliter,mass,1,volume,0.1,,,,,
%Uptake,%UPTAKE,,8649,%{uptake},percent uptake,percent,1,,,,,UPTAKE,,
[iU]/mL,[IU]/ML,,8985,[iU]/mL,international unit per milliliter,unit,1,volume,0.001,,,,,
LABC,LABC,,0,,,,,,,,,,,
uU/mL,UU/ML,,8860,10*-6.[U]/mL,microunit per milliliter,unit,1e-06,volume,0.001,,,,,
uL,UL,,9665,uL,microliter,volume,1e-06,,,,,,,
LogIU/mL,LOGIU/ML,,9084,lg([iU])/mL,log international unit per milliliter,unit,1,volume,0.001,,,,,
mmol/24hrs,MMOL/24HRS,,8910,mmol/(24.h),millimole per 24 hours,mole,0.001,time,86400,,,,,
g/dl,G/DL,,8713,g/dL,gram per deciliter,mass,1,volume,0.1,,,,,
0mm,0MM,,8588,mm,millimeter,distance,0.001,,,,,,,
Interpretation,INTERPRETATION,,0,,,,,,,,,,,
E.u/dL,E.U/DL,,8829,[EU]/dL,Ehrlich unit per deciliter,unit,1,volume,0.1,,,,,
mg/g of Creatinine,MG/G OF CREATININE,,9017,mg/g{creat},milligram per gram of creatinine,mass,0.001,mass,1,,,,CREAT,
UIU/ML,UIU/ML,,9093,10*-6.[iU]/mL,micro-international unit per milliliter,unit,1e-06,volume,0.001,,,,,
%mean normal,%MEAN NORMAL,,8604,%{mean'normal},percent mean normal,percent,1,,,,,MEAN NORMAL,,
IU,IU,,8718,[iU],international unit,unit,1,,,,,,,
HR,HR,,8505,h,hour,time,3600,,,,,,,
MG/24HRS,MG/24HRS,,8807,g/(24.h),gram per 24 hours,mass,1,time,86400,,,,,
MG/GOFCREATININE,MG/GOFCREATININE,,9017,mg/g{creat},milligram per gram of creatinine,mass,0.001,mass,1,,,,CREAT,
mEq/24 hr,MEQ/24 HR,,44777582,10*-3.eq/(24.h),milliequivalent per 24 hours,equivalent,0.001,time,86400,,,,,
mL/24 hr,ML/24 HR,,8930,mL/(24.h),milliliter per 24 hours,volume,0.001,time,86400,,,,,
Ery/UL,ERY/UL,,8712,{ery}/uL,erythrocytes per microliter,,1,volume,1e-06,,,ERY,,
LEU/UL,LEU/UL,,8784,{cells}/uL,cells per microliter,count,1,volume,1e-06,,,CELLS,,
10*3/mm3,10*3/MM3,,8961,10*3/mm3,thousand per cubic millimeter,count,1000,volume,1e-06,,,,,
%LEUKOCYTES,%LEUKOCYTES,,8554,%,percent,percent,1,,,,,,,
nmol/hr/mg prt,NMOL/HR/MG PRT,,9145,ng/h/mg{tot'prot},nanogram per hour per milligram of total protein,mass,1e-09,time,3600,mass,0.001,,,TOT PROT
mL/min/1.73m*2,ML/MIN/1.73M*2,,9117,mL/min/1.73.m2,milliliter per minute per 1.73 square meter,volume,0.001,time,60,area,1.73,,,
intUnit/L,INTUNIT/L,,8923,[iU]/L,international unit per liter,unit,1,volume,1,,,,,
k/mcL,K/MCL,,8848,10*3/uL,thousand per microliter,count,1000,volume,1e-06,,,,,
mg/dL calc,MG/DL CALC,,9028,mg/dL{calc},milligram per deciliter calculated,mass,0.001,volume,0.1,,,,CALC,
mcg/mg,MCG/MG,,8838,ug/mg,microgram per milligram,mass,1e-06,mass,0.001,,,,,
million/mcL,MILLION/MCL,,8815,10*6/uL,million per microliter,count,1000000,volume,1e-06,,,,,
mcIntUnit/mL,MCINTUNIT/ML,,9093,10*-6.[iU]/mL,micro-international unit per milliliter,unit,1e-06,volume,0.001,,,,,
242mg/dL,242MG/DL,,8840,mg/dL,milligram per deciliter,mass,0.001,volume,0.1,,,,,
5.6%,,,,,,,,,,,,,,
OD ratio,OD RATIO,,8589,[OD'ratio],O.D. ratio,,1,,,,,,,
% inhibition,% INHIBITION,,8738,%{inhibition},percent inhibition,percent,1,,,,,INHIBITION,,
NCN,NCN,,0,No matching concept,No matching concept,,1,,,,,,,
rel to H2O,REL TO H2O,,44777572,{relative'to'H2O},relative to H2O,,2,,,,,RELATIVE TO H2O,,
mEq/L ,MEQ/L,,9557,10*-3.eq/L,milliequivalent per liter,equivalent,0.001,volume,1,,,,,
mmolL,MMOLL,,9573,mmol,millimole,mole,0.001,,,,,,,
PPM,PPM,,9387,[ppm],parts per million,partsper,1000000,,,,,,,
log cps/mL,LOG CPS/ML,,44777605,lg({cells})/mL,log cells per milliliter,count,1,volume,0.001,,,CELLS,,
CGG repeats,CGG REPEATS,,0,No matching concept,No matching concept,,1,,,,,,,
ug/mg creat,UG/MG CREAT,,9072,ug/mg{creat},microgram per milligram of creatinine,mass,1e-06,mass,0.001,,,,CREAT,
RATIO,RATIO,,8523,{ratio},ratio,,1,,,,,RATIO,,
Log cells/mL,LOG CELLS/ML,,44777605,lg({cells})/mL,log cells per milliliter,count,1,volume,0.001,,,CELLS,,
ug/24hr,UG/24HR,,8906,ug/(24.h),microgram per 24 hours,mass,1e-06,time,86400,,,,,
0,,,,,,,,,,,,,,
KU/L,KU/L,,8810,10*3.[U]/L,kilounit per liter,unit,1000,volume,1,,,,,
CU,CU,,45744813,{CU},clinical unit,unit,1,,,,,CU,,
K/UL,K/UL,,8848,10*3/uL,thousand per microliter,count,1000,volume,1e-06,,,,,
   ,,,0,,,,,,,,,,,
UI/mL,UI/ML,,8985,[iU]/mL,international unit per milliliter,unit,1,volume,0.001,,,,,
ug/g Creat,UG/G CREAT,,9014,ug/g{creat},microgram per gram of creatinine,mass,1e-06,mass,1,,,,CREAT,
Inches,INCHES,,9330,[in_us],inch (US),distance,0.0254,,,,,,,
rel.saline,REL.SALINE,,44777573,{relative'to'saline},relative to saline,,1,,,,,RELATIVE TO SALINE,,
/mm3,/MM3,,8785,/mm3,per cubic millimeter,count,1,volume,1e-06,,,,,
mg/ml,MG/ML,,8861,mg/mL,milligram per milliliter,mass,0.001,volume,0.001,,,,,
Mill/uL,MILL/UL,,8815,10*6/uL,million per microliter,count,1000000,volume,1e-06,,,,,
%Hb,%HB,,8737,%{of'HGB},percent hemoglobin,percent,1,,,,,OF HGB,,
mg/l,MG/L,,8751,mg/L,milligram per liter,mass,0.001,volume,1,,,,,
LU30,LU30,,0,No matching concept,No matching concept,,1,,,,,,,
LOG10COPY/ML,LOG10COPY/ML,,8873,lg({copies})/mL,log copies per milliliter,count,1,volume,0.001,,,COPIES,,
meq/L,MEQ/L,,9557,10*-3.eq/L,milliequivalent per liter,equivalent,0.001,volume,1,,,,,
nmol/mL/min,NMOL/ML/MIN,,44777635,nmol/min/mL,nanomole per minute and milliliter,mole,1e-09,time,60,volume,0.001,,,
k/uL,K/UL,,8848,10*3/uL,thousand per microliter,count,1000,volume,1e-06,,,,,
INDEX,INDEX,,-1,No matching concept,No matching concept,,,,,,,,,
E.U./ DL,E.U./ DL,,8829,[EU]/dL,Ehrlich unit per deciliter,unit,1,volume,0.1,,,,,
 mg/dL,MG/DL,,8840,mg/dL,milligram per deciliter,mass,0.001,volume,0.1,,,,,
UL,UL,,9665,uL,microliter,volume,1e-06,,,,,,,
umol/mmol cr,UMOL/MMOL CR,,9073,umol/mmol{creat},micromole per millimole of creatinine,mole,1e-06,mole,0.001,,,,CREAT,
Bethesda,BETHESDA,,9161,[beth'U],Bethesda unit,unit,1,,,,,,,
% Activity,% ACTIVITY,,8687,%{activity},percent activity,percent,1,,,,,ACTIVITY,,
umol/24 h,UMOL/24 H,,8907,umol/(24.h),micromole per 24 hours,mole,1e-06,time,86400,,,,,
FBS,FBS,,-1,,Likely Error,,,,,,,,,
O.D,O.D,,8589,[OD'ratio],O.D. ratio,,1,,,,,,,
pmol/mL,PMOL/ML,,9632,pmol/mL,picomole per milliliter,mole,1e-12,volume,0.001,,,,,
5,,,,,,,,,,,,,,
10*3/UL,10*3/UL,,8848,10*3/uL,thousand per microliter,count,1000,volume,1e-06,,,,,
#/hpf,#/HPF,,8786,/[HPF],per high power field,count,1000,,1,,,,,
EU/dl,EU/DL,,8829,[EU]/dL,Ehrlich unit per deciliter,unit,1,volume,0.1,,,,,
#/lpf,#/LPF,,8765,/[LPF],per low powered field,count,1,,1,,,,,
Units/L,UNITS/L,,8645,[U]/L,unit per liter,unit,1,volume,1,,,,,
K/cmm,K/CMM,,8961,10*3/mm3,thousand per cubic millimeter,count,1000,volume,1e-06,,,,,
M/cmm,M/CMM,,8931,10*6/mm3,million per cubic millimeter,count,1000000,volume,1e-06,,,,,
ug/ml,UG/ML,,8859,ug/mL,microgram per milliliter,mass,1e-06,volume,0.001,,,,,
ug/24 h,UG/24 H,,8906,ug/(24.h),microgram per 24 hours,mass,1e-06,time,86400,,,,,
mOsm/Kg,MOSM/KG,,8862,mosm/kg,milliosmole per kilogram,osmols,0.001,mass,1000,,,,,
secs,SECS,,8555,s,second,time,1,,,,,,,
S/CORATIO,S/CORATIO,,8779,{signal}/[{CO'ratio}],signal to cutoff ratio,,1,,1,,,SIGNAL,CO RATIO,
CAG Repeats,CAG REPEATS,,0,No matching concept,No matching concept,,1,,,,,,,
K/mm3,K/MM3,,8961,10*3/mm3,thousand per cubic millimeter,count,1000,volume,1e-06,,,,,
M/mm3,M/MM3,,8931,10*6/mm3,million per cubic millimeter,count,1000000,volume,1e-06,,,,,
nmol/min/mg,NMOL/MIN/MG,,0,No matching concept,No matching concept,mole,1e-09,time,60,mass,0.001,,,
GPL U/mL ,GPL U/ML,,9157,[GPL'U]/mL,IgG phospholipid unit per milliliter,unit,1,volume,0.001,,,,,
mmol/spec,MMOL/SPEC,,44777615,mmol/{spec},millimole per specimen,mole,0.001,,1,,,,SPEC,
Log10copy/mL,LOG10COPY/ML,,8873,lg({copies})/mL,log copies per milliliter,count,1,volume,0.001,,,COPIES,,
Log10 IU/mL,LOG10 IU/ML,,9084,lg([iU])/mL,log international unit per milliliter,unit,1,volume,0.001,,,,,
ZZ,ZZ,,0,,,,,,,,,,,
per HPF,PER HPF,,8786,/[HPF],per high power field,count,1000,,1,,,,,
mlU/mL,MLU/ML,,9550,10*-3.[iU]/mL,milli-international unit per milliliter,unit,0.001,volume,0.001,,,,,
fasting,FASTING,,-1,,Likely Error,,,,,,,,,
mU/g Hb,MU/G HB,,9595,10*-3.[U]/g{HGB},milliunit per gram of hemoglobin,unit,0.001,mass,1,,,,HGB,
mU/g,MU/G,,9594,10*-3.[U]/g,milliunit per gram,unit,0.001,mass,1,,,,,
E.U.dL,E.U.DL,,8829,[EU]/dL,Ehrlich unit per deciliter,unit,1,volume,0.1,,,,,
EIA units,EIA UNITS,,8556,[EIA'U],EIA unit,unit,1,,,,,,,
mg/24 hrs,MG/24 HRS,,8909,mg/(24.h),milligram per 24 hours,mass,0.001,time,86400,,,,,
pg/uL,PG/UL,,44777638,pg/uL,picogram per microliter,mass,1e-12,volume,1e-06,,,,,
UGELAST./G,UGELAST./G,,8629,[U]/g,unit per gram,unit,1,mass,1,,,,,
ATP ng/mL,ATP NG/ML,,8842,ng/mL,nanogram per milliliter,mass,1e-09,volume,0.001,,,,,
NG'ML,NG'ML,,8842,ng/mL,nanogram per milliliter,mass,1e-09,volume,0.001,,,,,
meters sq,METERS SQ,,8617,m2,square meter,area,1,,,,,,,
% ,%,,8554,%,percent,percent,1,,,,,,,
UG/L,UG/L,,8748,ug/L,microgram per liter,mass,1e-06,volume,1,,,,,
g/kg/24 hr,G/KG/24 HR,,0,No matching concept,No matching concept,mass,1,mass,1000,time,86400,,,
mg/24 hr/kg,MG/24 HR/KG,,0,No matching concept,No matching concept,mass,0.001,time,86400,mass,1000,,,
meq/24 hr,MEQ/24 HR,,44777582,10*-3.eq/(24.h),milliequivalent per 24 hours,equivalent,0.001,time,86400,,,,,
mg Hgb Eq/g,MG HGB EQ/G,,0,No matching concept,No matching concept,,,,,,,,,
6.0,,,,,,,,,,,,,,
MCG/L,MCG/L,,8748,ug/L,microgram per liter,mass,1e-06,volume,1,,,,,
Mg/dL,MG/DL,,8840,mg/dL,milligram per deciliter,mass,0.001,volume,0.1,,,,,
ATP ng/ml,ATP NG/ML,,8842,ng/mL,nanogram per milliliter,mass,1e-09,volume,0.001,,,,,
10^3/UL,10^3/UL,,8848,10*3/uL,thousand per microliter,count,1000,volume,1e-06,,,,,
x10 3/mm3,X10 3/MM3,,8961,10*3/mm3,thousand per cubic millimeter,count,1000,volume,1e-06,,,,,
x10 6/mm3,X10 6/MM3,,8931,10*6/mm3,million per cubic millimeter,count,1000000,volume,1e-06,,,,,
BANDS,BANDS,,0,No matching concept,No matching concept,,1,,,,,,,
neg,NEG,,8840,mg/dL,milligram per deciliter,mass,0.001,volume,0.1,,,,,
6.5,,,,,,,,,,,,,,
1.020,,,,,,,,,,,,,,
BEU,BEU,,9161,[beth'U],Bethesda unit,unit,1,,,,,,,
pg/dL,PG/DL,,8820,pg/dL,picogram per deciliter,mass,1e-12,volume,0.1,,,,,
mL/min/1.7,ML/MIN/1.7,,9117,mL/min/1.73.m2,milliliter per minute per 1.73 square meter,volume,0.001,time,60,area,1.73,,,
X 10 3,X 10 3,,8566,10*3,thousand,count,1000,,,,,,,
x10 3/uL,X10 3/UL,,8848,10*3/uL,thousand per microliter,count,1000,volume,1e-06,,,,,
X 10 3/uL,X 10 3/UL,,8848,10*3/uL,thousand per microliter,count,1000,volume,1e-06,,,,,
X 10 6/uL,X 10 6/UL,,8815,10*6/uL,million per microliter,count,1000000,volume,1e-06,,,,,
EIA Units,EIA UNITS,,8556,[EIA'U],EIA unit,unit,1,,,,,,,
Seconds,SECONDS,,8555,s,second,time,1,,,,,,,
pg/RBC,PG/RBC,,8704,pg/{cell},picogram per cell,mass,1e-12,,1,,,,CELL,
Per 100 WBCs,PER 100 WBCS,,9032,/100.{WBC},per 100 white blood cells,count,1,,100,,,,WBC,
g/d,G/D,,8807,g/(24.h),gram per 24 hours,mass,1,time,86400,,,,,
%t,%T,,8632,%{tot},percent total,percent,1,,,,,TOT,,
300+++,300+++,,-1,,Likely Error,,,,,,,,,
small,SMALL,,0,,,,,,,,,,,
0.5 ml,0.5 ML,,8587,mL,milliliter,volume,0.001,,,,,,,
mcg/24hr,MCG/24HR,,8906,ug/(24.h),microgram per 24 hours,mass,1e-06,time,86400,,,,,
NOI,NOI,,0,No matching concept,No matching concept,,1,,,,,,,
ng/24 Hr,NG/24 HR,,44777624,ng/(24.h),nanogram per 24 hours,mass,1e-09,time,86400,,,,,
U/g Prot,U/G PROT,,8979,[U]/g{tot'prot},unit per gram of total protein,unit,1,mass,1,,,,TOT PROT,
mg/8 h,MG/8 H,,0,No matching concept,No matching concept,mass,0.001,time,28800,,,,,
g/8 h,G/8 H,,0,No matching concept,No matching concept,mass,1,time,28800,,,,,
FT,FT,,4118332,259051005,ft,distance,0.3048,,,,,,,
%Saturation,%SATURATION,,8728,%{sat},percent saturation,percent,1,,,,,SAT,,
OD UNITS,OD UNITS,,8589,[OD'ratio],O.D. ratio,,1,,,,,,,
*,*,,,,,,,,,,,,,
4.1-6.1,4.1-6.1,,-1,,Likely Error,,,,,,,,,
umol/g Cr,UMOL/G CR,,4117651,258917000,Micromole per gram of creatinine,mole,1e-06,mass,1,,,,,
pg/mg creat,PG/MG CREAT,,0,No matching concept,No matching concept,mass,1e-12,mass,0.001,,,,creatinine,
UIU/mL,UIU/ML,,9093,10*-6.[iU]/mL,micro-international unit per milliliter,unit,1e-06,volume,0.001,,,,,
M/uL,M/UL,,8815,10*6/uL,million per microliter,count,1000000,volume,1e-06,,,,,
Tho/mm3,THO/MM3,,8961,10*3/mm3,thousand per cubic millimeter,count,1000,volume,1e-06,,,,,
Tho/uL,THO/UL,,8848,10*3/uL,thousand per microliter,count,1000,volume,1e-06,,,,,
% normal forms,% NORMAL FORMS,,8613,%{normal'forms},normal forms,percent,1,,,,,NORMAL FORMS,,
% at 60 min,% AT 60 MIN,,8800,%{at'60'min},percent at 60 minutes,percent,60,,,,,AT 60 MIN,,
Million/mL,MILLION/ML,,8816,10*6/mL,million per milliliter,count,1000000,volume,0.001,,,,,
% CPRA,% CPRA,,8554,%,percent,percent,1,,,,,,,
mg.dL,MG.DL,,8840,mg/dL,milligram per deciliter,mass,0.001,volume,0.1,,,,,
E.u./dL,E.U./DL,,8829,[EU]/dL,Ehrlich unit per deciliter,unit,1,volume,0.1,,,,,
MG/24H,MG/24H,,8909,mg/(24.h),milligram per 24 hours,mass,0.001,time,86400,,,,,
x10E12/L,X10E12/L,,8734,10*12/L,trillion per liter,count,1000000000000,volume,1,,,,,
x10E3/mcL,X10E3/MCL,,8848,10*3/uL,thousand per microliter,count,1000,volume,1e-06,,,,,
unit/L,UNIT/L,,8645,[U]/L,unit per liter,unit,1,volume,1,,,,,
g/5 h,G/5 H,,8791,g/(5.h),gram per 5 hours,mass,1,time,18000,,,,,
molar,MOLAR,,9584,mol,mole,mole,1,,,,,,,
K/mcL,K/MCL,,8848,10*3/uL,thousand per microliter,count,1000,volume,1e-06,,,,,
mil/mcL,MIL/MCL,,8815,10*6/uL,million per microliter,count,1000000,volume,1e-06,,,,,
ug FEU/mL,UG FEU/ML,,8989,ug{FEU}/mL,microgram of fibrinogen equivalent unit per milliliter,mass,1e-06,volume,0.001,,,FEU,,
nM BCE,NM BCE,,8665,nmol{BColl}eq,nanomole of bone collagen equivalent,mole,1e-09,,,,,BCOLL,,
LABCORP 008342,LABCORP 008342,,-1,,Likely Error,,,,,,,,,
1000/mL,1000/ML,,9436,10*3/mL,thousand per milliliter,count,1000,volume,0.001,,,,,
E.U/dL,E.U/DL,,8829,[EU]/dL,Ehrlich unit per deciliter,unit,1,volume,0.1,,,,,
G/dL,G/DL,,8713,g/dL,gram per deciliter,mass,1,volume,0.1,,,,,
BU/mL,BU/ML,,8798,[bu_us]/mL,bushel per milliliter,unit,1,volume,0.001,,,,,
mcg/24H,MCG/24H,,8906,ug/(24.h),microgram per 24 hours,mass,1e-06,time,86400,,,,,
1000/mm,1000/MM,,8961,10*3/mm3,thousand per cubic millimeter,count,1000,volume,1e-06,,,,,
E.U//dL,E.U//DL,,8829,[EU]/dL,Ehrlich unit per deciliter,unit,1,volume,0.1,,,,,
e.u./dL,E.U./DL,,8829,[EU]/dL,Ehrlich unit per deciliter,unit,1,volume,0.1,,,,,
/hpF,/HPF,,8786,/[HPF],per high power field,count,1000,,,,,,,
EU per dL,EU PER DL,,8829,[EU]/dL,Ehrlich unit per deciliter,unit,1,volume,0.1,,,,,
per LPF,PER LPF,,8765,/[LPF],per low powered field,count,1,,1,,,,,
NM,NM,,9607,nmol,nanomole,mole,1e-09,,,,,,,
umol/mol heme,UMOL/MOL HEME,,44777657,umol/mol{HGB},micromole per mole of hemoglobin,mole,1e-06,mole,1,,,,HGB,
x10E6/mL,X10E6/ML,,8816,10*6/mL,million per milliliter,count,1000000,volume,0.001,,,,,
not reported,NOT REPORTED,,0,No matching concept,No matching concept,,1,,,,,,,
E.U./dl,E.U./DL,,8829,[EU]/dL,Ehrlich unit per deciliter,unit,1,volume,0.1,,,,,
mil/mm3,MIL/MM3,,8931,10*6/mm3,million per cubic millimeter,count,1000000,volume,1e-06,,,,,
th/mm3,TH/MM3,,8961,10*3/mm3,thousand per cubic millimeter,count,1000,volume,1e-06,,,,,
MG/dL,MG/DL,,8840,mg/dL,milligram per deciliter,mass,0.001,volume,0.1,,,,,
Units/ml,UNITS/ML,,8763,[U]/mL,unit per milliliter,unit,1,volume,0.001,,,,,
ng/dl,NG/DL,,8817,ng/dL,nanogram per deciliter,mass,1e-09,volume,0.1,,,,,
intUnit/mL,INTUNIT/ML,,8985,[iU]/mL,international unit per milliliter,unit,1,volume,0.001,,,,,
 times avg.,TIMES AVG.,,8628,{times'avg},times average,,1,,,,,TIMES AVG,,
x10*6/L,X10*6/L,,9442,10*6/L,million per liter,count,1000000,volume,1,,,,,
E.U>/dL,E.U>/DL,,8829,[EU]/dL,Ehrlich unit per deciliter,unit,1,volume,0.1,,,,,
kUA/L,KUA/L,,44777579,10*3.[UA]/L,thousand allergen-specific IgE antibody units per liter,unit,1000,volume,1,,,,,
mcg/spec,MCG/SPEC,,9657,ug/{spec},microgram per specimen,mass,1e-06,,1,,,,SPEC,
ml/min/1.73 m2,ML/MIN/1.73 M2,,9117,mL/min/1.73.m2,milliliter per minute per 1.73 square meter,volume,0.001,time,60,area,1.73,,,
MIL/MM3,MIL/MM3,,8931,10*6/mm3,million per cubic millimeter,count,1000000,volume,1e-06,,,,,
TH/MM3,TH/MM3,,8961,10*3/mm3,thousand per cubic millimeter,count,1000,volume,1e-06,,,,,
INDEXVALUE,INDEXVALUE,,0,,,,,,,,,,,
cp/mL,CP/ML,,8799,{copies}/mL,copies per milliliter,count,1,volume,0.001,,,COPIES,,
CAEUNITS,CAEUNITS,,8510,[U],unit,unit,1,,,,,,,
None,NONE,,0,No matching concept,No matching concept,,1,,,,,,,
E.U. /dL,E.U. /DL,,8829,[EU]/dL,Ehrlich unit per deciliter,unit,1,volume,0.1,,,,,
% Lymphocytes,% LYMPHOCYTES,,9228,%{of'lymphos},percent of lymphocytes,percent,1,,,,,OF LYMPHOS,,
Cells/uL,CELLS/UL,,8784,{cells}/uL,cells per microliter,count,1,volume,1e-06,,,CELLS,,
% WBC,% WBC,,9229,%{of'WBC},percent of white blood cells,percent,1,,,,,OF WBC,,
mg/mmol,MG/MMOL,,44777612,mg/mmol,milligram per millimole,mass,0.001,mole,0.001,,,,,
28.4 PT,28.4 PT,,-1,,Likely Error,,,,,,,,,
f,F,,8517,F,Farad,,1,,,,,,,
1.0,,,,,,,,,,,,,,
MG/G,MG/G,,8723,mg/g,milligram per gram,mass,0.001,mass,1,,,,,
SU,SU,,0,No matching concept,No matching concept,,1,,,,,,,
% NORMAL,% NORMAL,,8648,%{of'normal},percent of normal,percent,1,,,,,OF NORMAL,,
pmol/hr/punch,PMOL/HR/PUNCH,,0,No matching concept,No matching concept,mole,1e-12,time,3600,unit,1,,,
/uL ,/UL,,8647,/uL,per microliter,count,1,volume,1e-06,,,,,
1000/CU MM,1000/CU MM,,8961,10*3/mm3,thousand per cubic millimeter,count,1000,volume,1e-06,,,,,
CU MIC.,CU MIC.,,8583,fL,FEMTOLITER,volume,1e-15,,,,,,,
MILL/CU MM,MILL/CU MM,,8931,10*6/mm3,million per cubic millimeter,count,1000000,volume,1e-06,,,,,
THOU/CU MM,THOU/CU MM,,8848,10*3/uL,thousand per microliter,count,1000,volume,1e-06,,,,,
% SATURATION,% SATURATION,,8728,%{sat},percent saturation,percent,1,,,,,SAT,,
MM HG,MM HG,,8876,mm[Hg],millimeter mercury column,distance,0.001,,,,,,,
VOL %,VOL %,,9234,%{vol},volume percent,percent,1,,,,,VOL,,
md/dL,MD/DL,,8840,mg/dL,milligram per deciliter,mass,0.001,volume,0.1,,,,,
CU MICRON,CU MICRON,,8583,fL,FEMTOLITER,volume,1e-15,,,,,,,
MG N/DL,MG N/DL,,8840,mg/dL,milligram per deciliter,mass,0.001,volume,0.1,,,,,
T-Uptake Units,T-UPTAKE UNITS,,8510,[U],unit,unit,1,,,,,,,
C,C,could also be 100,586323,Cel,degree Celsius,temperature,1,,,,,,,
ml,ML,,8587,mL,milliliter,volume,0.001,,,,,,,
IU/DL,IU/DL,,9332,[iU]/dL,international unit per deciliter,unit,1,volume,0.1,,,,,
MG/G CREAT,MG/G CREAT,,9017,mg/g{creat},milligram per gram of creatinine,mass,0.001,mass,1,,,,CREAT,
MG/24 HR,MG/24 HR,,8909,mg/(24.h),milligram per 24 hours,mass,0.001,time,86400,,,,,
G/24 HR,G/24 HR,,8807,g/(24.h),gram per 24 hours,mass,1,time,86400,,,,,
MM/H,MM/H,,8752,mm/h,millimeter per hour,distance,0.001,time,3600,,,,,
/CU MM,/CU MM,,8647,/uL,per microliter,count,1,volume,1e-06,,,,,
MINUTES,MINUTES,,8550,min,minute,time,60,,,,,,,
MPS U/mL,MPS U/ML,,8836,[MPS'U]/mL,anti-phosphatidylserine IgM concentration (MPS) unit per milliliter,unit,1,volume,0.001,,,,,
GPS U/mL,GPS U/ML,,8831,[GPS'U]/mL,anti-phosphatidylserine IgG concentration (GPS) unit per milliliter,unit,1,volume,0.001,,,,,
MG,MG,,8576,mg,milligram,mass,0.001,,,,,,,
MG/24 H,MG/24 H,,8909,mg/(24.h),milligram per 24 hours,mass,0.001,time,86400,,,,,
NG/ML/HR,NG/ML/HR,,9020,ng/mL/h,nanogram per milliliter and hour,mass,1e-09,volume,0.001,time,3600,,,
ng/mL/Hr,NG/ML/HR,,9020,ng/mL/h,nanogram per milliliter and hour,mass,1e-09,volume,0.001,time,3600,,,
MLS,MLS,,8587,mL,milliliter,volume,0.001,,,,,,,
Hrs,HRS,,8505,h,hour,time,3600,,,,,,,
10E6 EQ/ML,10E6 EQ/ML,,0,,,equivalent,1000000,volume,0.001,,,,,
MEQ/24 HR,MEQ/24 HR,,44777582,10*-3.eq/(24.h),milliequivalent per 24 hours,equivalent,0.001,time,86400,,,,,
MMOL/24 HR,MMOL/24 HR,,8910,mmol/(24.h),millimole per 24 hours,mole,0.001,time,86400,,,,,
MG/G CREATININE,MG/G CREATININE,,9017,mg/g{creat},milligram per gram of creatinine,mass,0.001,mass,1,,,,CREAT,
U/DL,U/DL,,44777568,[U]/dL,unit per deciliter,unit,1,volume,0.1,,,,,
SD ABOVE MEA,SD ABOVE MEA,,0,,,,,,,,,,,
u/dl,U/DL,,44777568,[U]/dL,unit per deciliter,unit,1,volume,0.1,,,,,
u/ml,U/ML,,8763,[U]/mL,unit per milliliter,unit,1,volume,0.001,,,,,
Min,MIN,,8550,min,minute,time,60,,,,,,,
genomes/100K lym,GENOMES/100K LYM,,0,,,,,,,,,,,
MMOL/24H,MMOL/24H,,8807,g/(24.h),gram per 24 hours,mass,1,time,86400,,,,,
mg%,MG%,mg,8576,mg,milligram,mass,0.001,,,,,,,
ug/dl,UG/DL,,8837,ug/dL,microgram per deciliter,mass,1e-06,volume,0.1,,,,,
mill/ml,MILL/ML,,8816,10*6/mL,million per milliliter,count,1000000,volume,0.001,,,,,
dilution,DILUTION,,0,,,,,,,,,,,
LAP UNITS,LAP UNITS,,8510,[U],unit,unit,1,,,,,,,
ng/ML,NG/ML,,8842,ng/mL,nanogram per milliliter,mass,1e-09,volume,0.001,,,,,
TODD U,TODD U,,9415,[todd'U],Todd unit,unit,1,,,,,,,
0-200 IU,0-200 IU,,8718,[iU],international unit,unit,1,,,,,,,
CM H2O,CM H2O,,44777590,cm[H2O],centimeter watercolumn,distance,0.02,,,,,,,
EIA UNITS,EIA UNITS,,8556,[EIA'U],EIA unit,unit,1,,,,,,,
log10 copies/mL,LOG10 COPIES/ML,,8873,lg({copies})/mL,log copies per milliliter,count,1,volume,0.001,,,,,
MG/ML,MG/ML,,8861,mg/mL,milligram per milliliter,mass,0.001,volume,0.001,,,,,
G/24 H,G/24 H,,8807,g/(24.h),gram per 24 hours,mass,1,time,86400,,,,,
CU MM,CU MM,,8686,mm3,cubic millimeter,volume,1e-06,,,,,,,
EHRL U/2HR,EHRL U/2HR,droppped time part,8480,[EU],Ehrlich unit,unit,1,time,7200,,,,,
DEGREES,DEGREES,,9484,deg,degree,,1,,,,,,,
U/hr,U/HR,,8630,[U]/h,unit per hour,unit,1,time,3600,,,,,
Kg,KG,,9529,kg,kilogram,mass,1000,,,,,,,
uIU/ml,UIU/ML,,9093,10*-6.[iU]/mL,micro-international unit per milliliter,unit,1e-06,volume,0.001,,,,,
MG/24 HRS,MG/24 HRS,,8909,mg/(24.h),milligram per 24 hours,mass,0.001,time,86400,,,,,
MPS U/ML,MPS U/ML,,8836,[MPS'U]/mL,anti-phosphatidylserine IgM concentration (MPS) unit per milliliter,unit,1,volume,0.001,,,,,
GPL U/ML,GPL U/ML,,9157,[GPL'U]/mL,IgG phospholipid unit per milliliter,unit,1,volume,0.001,,,,,
GPS U/ML,GPS U/ML,,8831,[GPS'U]/mL,anti-phosphatidylserine IgG concentration (GPS) unit per milliliter,unit,1,volume,0.001,,,,,
BETHESDA U,BETHESDA U,,9161,[beth'U],Bethesda unit,unit,1,,,,,,,
KG,KG,,9529,kg,kilogram,mass,1000,,,,,,,
G/24H,G/24H,,8807,g/(24.h),gram per 24 hours,mass,1,time,86400,,,,,
LOG IU/ML,LOG IU/ML,,9084,lg([iU])/mL,log international unit per milliliter,unit,1,volume,0.001,,,,,
FMOL BND/MG,FMOL BND/MG,,9500,fmol/mg,femtomole per milligram,mole,1e-15,mass,0.001,,,,,
% ACTIVITY,% ACTIVITY,,8687,%{activity},percent activity,percent,1,,,,,ACTIVITY,,
MCL,MCL,,9665,uL,microliter,volume,1e-06,,,,,,,
% SAT,% SAT,,8728,%{sat},percent saturation,percent,1,,,,,SAT,,
Bethesda unit,BETHESDA UNIT,,9161,[beth'U],Bethesda unit,unit,1,,,,,,,
nmol/h/mg,NMOL/H/MG,,8993,nmol/h/mg,nanomole per hour and milligram,mole,1e-09,time,3600,mass,0.001,,,
PMOLE/8X10E8RBC,PMOLE/8X10E8RBC,,9148,pmol/8.10*8.{RBC},picomole per eight times 10 to the 8th red blood cells,mole,1e-12,,810000000,,,,RBC,
mcg/g Creat,MCG/G CREAT,,9014,ug/g{creat},microgram per gram of creatinine,mass,1e-06,mass,1,,,,CREAT,
MPL U/ML,MPL U/ML,,8763,[U]/mL,unit per milliliter,unit,1,volume,0.001,,,,,
% HEMOLYSIS,% HEMOLYSIS,,9226,%{hemolysis},percent hemolysis,percent,1,,,,,,,
8.5,,,,,,,,,,,,,,
PMOL/L,PMOL/L,,8729,pmol/L,picomole per liter,mole,1e-12,volume,1,,,,,
% NORM THROM,% NORM THROM,,8648,%{of'normal},percent of normal,percent,1,,,,,,,
G/5 HR,G/5 HR,,8791,g/(5.h),gram per 5 hours,mass,1,time,18000,,,,,
IU/G HGB,IU/G HGB,,9334,[iU]/g{HBG},international unit per gram of hemoglobin,unit,1,mass,1,,,,HGB,
MCG/MG CREA,MCG/MG CREA,,9072,ug/mg{creat},microgram per milligram of creatinine,mass,1e-06,mass,0.001,,,,creat,
CC,CC,,8587,mL,milliliter,volume,0.001,,,,,,,
U/24 HR,U/24 HR,,44777567,[U]/(24.h),unit per 24 hours,unit,1,time,86400,,,,,
EQ/DL,EQ/DL,,0,,,equivalent,1,volume,0.1,,,,,
6mm,6MM,,8588,mm,millimeter,distance,0.001,,,,,,,
U/g of Hgb,U/G OF HGB,,9651,[U]/g{HGB},unit per gram of hemoglobin,unit,1,mass,1,,,,HGB,
GENOMES/100K LYM,GENOMES/100K LYM,,0,,,,,,,,,,,
IU/g Hb,IU/G HB,,9107,[iU]/g{HGB},International Unit per gram of hemoglobin,unit,1,mass,1,,,,HGB,
MILL/ML,MILL/ML,,8816,10*6/mL,million per milliliter,count,1000000,volume,0.001,,,,,
mg/24 h    ,MG/24 H,,8909,mg/(24.h),milligram per 24 hours,mass,0.001,time,86400,,,,,
mg/24hr,MG/24HR,,8909,mg/(24.h),milligram per 24 hours,mass,0.001,time,86400,,,,,
RELATIVE OD,RELATIVE OD,,8589,[OD'ratio],O.D. ratio,,1,,,,,,,
NEG,NEG,,8840,mg/dL,milligram per deciliter,mass,0.001,volume,0.1,,,,,
mg/gCre/12h,MG/GCRE/12H,,0,No matching concept,No matching concept,mass,0.001,mass,1,time,43200,,creatinine,
mL/12 h,ML/12 H,,44777664,mL/(12.h),milliliter per 12 hours,volume,0.001,,,,,,,
mg/12 h,MG/12 H,,8908,mg/(12.h),milligram per 12 hours,mass,0.001,time,43200,,,,,
USP U/ML,USP U/ML,,8763,[U]/mL,unit per milliliter,unit,1,volume,0.001,,,,,
DRN,DRN,,0,No matching concept,No matching concept,,1,,,,,,,
